catalog_num,letters,mint,circulation,metal,weight,pure_metal_content,diameter,obverse,reverse,coin_name
Биткин-10; Конрос-8/8,(АР),Санкт-Петербургский,2 019 009 шт.,золото (проба 900/1000),"8,6 г.","7,74 г.","22,5 мм.","в середине Малый Государственный Герб Российской империи, под ним вдоль края монеты номинал «10 РУБЛЕЙ» и год выпуска монеты «1902 Г.».","слева вдоль края монеты надпись «Б.М. НИКОЛАЙ II ИМПЕРАТОР», справа вдоль края монеты надпись «И САМОДЕРЖЕЦ ВСЕРОСС.», в середине обращенная влево голова Императора Российской империи Николая II.Гурт: Цена металла в монете: 31 698 руб.Цена монеты 10 рублей 1902 г. (АР). Николай II  на Data = new Date(); Year = Data.getFullYear(); Month = Data.getMonth(); Day = Data.getDate(); document.write(Data.toLocaleDateString());
Сохранность: ?
VF
XF
AU
UNC
Proof
VFЦена: 28 813 руб.Проходов: 50XFЦена: 49 908 руб.Проходов: 1 012AUЦена: 56 474 руб.Проходов: 649UNCЦена: 66 781 руб.Проходов: 708ProofЦена: 998 102 руб.Проходов: 3Цена (руб.): 
28 813
49 908
56 474
66 781
998 102
Число проходов: 
50
1 012
649
708
3

document.getElementById('colprod').innerHTML=VizovServerCat('/getcollotprod.asp?idcat=20034');","10 рублей, 1902 год"
Биткин-11; Конрос-8/9,(АР),Санкт-Петербургский,2 817 019 шт.,золото (проба 900/1000),"8,6 г.","7,74 г.","22,5 мм.","в середине Малый Государственный Герб Российской империи, под ним вдоль края монеты номинал «10 РУБЛЕЙ» и год выпуска монеты «1903 Г.».","слева вдоль края монеты надпись «Б.М. НИКОЛАЙ II ИМПЕРАТОР», справа вдоль края монеты надпись «И САМОДЕРЖЕЦ ВСЕРОСС.», в середине обращенная влево голова Императора Российской империи Николая II.Гурт: Цена металла в монете: 31 698 руб.Цена монеты 10 рублей 1903 г. (АР). Николай II  на Data = new Date(); Year = Data.getFullYear(); Month = Data.getMonth(); Day = Data.getDate(); document.write(Data.toLocaleDateString());
Сохранность: ?
F
VF
XF
AU
UNC
Proof
FЦена: 346 руб.Проходов: 17VFЦена: 33 511 руб.Проходов: 50XFЦена: 50 386 руб.Проходов: 549AUЦена: 64 027 руб.Проходов: 566UNCЦена: 70 808 руб.Проходов: 1 658ProofЦена: 466 367 руб.Проходов: 2Цена (руб.): 
346
33 511
50 386
64 027
70 808
466 367
Число проходов: 
17
50
549
566
1 658
2

document.getElementById('colprod').innerHTML=VizovServerCat('/getcollotprod.asp?idcat=20035');","10 рублей, 1903 год"
Биткин-12; Конрос-8/10,(АР),Санкт-Петербургский,1 024 510 шт.,золото (проба 900/1000),"8,6 г.","7,74 г.","22,5 мм.","в середине Малый Государственный Герб Российской империи, под ним вдоль края монеты номинал «10 РУБЛЕЙ» и год выпуска монеты «1904 Г.».","слева вдоль края монеты надпись «Б.М. НИКОЛАЙ II ИМПЕРАТОР», справа вдоль края монеты надпись «И САМОДЕРЖЕЦ ВСЕРОСС.», в середине обращенная влево голова Императора Российской империи Николая II.Гурт: Цена металла в монете: 31 698 руб.Цена монеты 10 рублей 1904 г. (АР). Николай II  на Data = new Date(); Year = Data.getFullYear(); Month = Data.getMonth(); Day = Data.getDate(); document.write(Data.toLocaleDateString());
Сохранность: ?
VF
XF
AU
UNC
Proof
VFЦена: 20 858 руб.Проходов: 138XFЦена: 56 275 руб.Проходов: 228AUЦена: 70 725 руб.Проходов: 116UNCЦена: 73 293 руб.Проходов: 1 185ProofЦена: 313 677 руб.Проходов: 2Цена (руб.): 
20 858
56 275
70 725
73 293
313 677
Число проходов: 
138
228
116
1 185
2

document.getElementById('colprod').innerHTML=VizovServerCat('/getcollotprod.asp?idcat=20036');","10 рублей, 1904 год"
Биткин-13; Конрос-8/11,(АР),Санкт-Петербургский,10 шт.,золото (проба 900/1000),"8,6 г.","7,74 г.","22,5 мм.","в середине Малый Государственный Герб Российской империи, под ним вдоль края монеты номинал «10 РУБЛЕЙ» и год выпуска монеты «1906 Г.».","слева вдоль края монеты надпись «Б.М. НИКОЛАЙ II ИМПЕРАТОР», справа вдоль края монеты надпись «И САМОДЕРЖЕЦ ВСЕРОСС.», в середине обращенная влево голова Императора Российской империи Николая II.Гурт: Цена металла в монете: 31 698 руб.
document.getElementById('colprod').innerHTML=VizovServerCat('/getcollotprod.asp?idcat=20037');","10 рублей, 1906 год"
Биткин-14; Конрос-8/12,(ЭБ),Санкт-Петербургский,,золото (проба 900/1000),"8,6 г.","7,74 г.","22,5 мм.","в середине Малый Государственный Герб Российской империи, под ним вдоль края монеты номинал «10 РУБЛЕЙ» и год выпуска монеты «1909 Г.».","слева вдоль края монеты надпись «Б.М. НИКОЛАЙ II ИМПЕРАТОР», справа вдоль края монеты надпись «И САМОДЕРЖЕЦ ВСЕРОСС.», в середине обращенная влево голова Императора Российской империи Николая II.","10 рублей, 1909 год"
Биткин-15; Конрос-8/13,(ЭБ),Санкт-Петербургский,100 018 шт.,золото (проба 900/1000),"8,6 г.","7,74 г.","22,5 мм.","в середине Малый Государственный Герб Российской империи, под ним вдоль края монеты номинал «10 РУБЛЕЙ» и год выпуска монеты «1910 Г.».","слева вдоль края монеты надпись «Б.М. НИКОЛАЙ II ИМПЕРАТОР», справа вдоль края монеты надпись «И САМОДЕРЖЕЦ ВСЕРОСС.», в середине обращенная влево голова Императора Российской империи Николая II.Гурт: Цена металла в монете: 31 698 руб.Цена монеты 10 рублей 1910 г. (ЭБ). Николай II  на Data = new Date(); Year = Data.getFullYear(); Month = Data.getMonth(); Day = Data.getDate(); document.write(Data.toLocaleDateString());
Сохранность: ?
VF
XF
AU
UNC
Proof
VFЦена: 127 214 руб.Проходов: 9XFЦена: 118 853 руб.Проходов: 88AUЦена: 123 362 руб.Проходов: 89UNCЦена: 320 902 руб.Проходов: 237ProofЦена: 552 841 руб.Проходов: 3Цена (руб.): 
127 214
118 853
123 362
320 902
552 841
Число проходов: 
9
88
89
237
3

document.getElementById('colprod').innerHTML=VizovServerCat('/getcollotprod.asp?idcat=20039');","10 рублей, 1910 год"
Биткин-16; Конрос-8/14,(ЭБ),Санкт-Петербургский,50 011 шт.,золото (проба 900/1000),"8,6 г.","7,74 г.","22,5 мм.","в середине Малый Государственный Герб Российской империи, под ним вдоль края монеты номинал «10 РУБЛЕЙ» и год выпуска монеты «1911 Г.».","слева вдоль края монеты надпись «Б.М. НИКОЛАЙ II ИМПЕРАТОР», справа вдоль края монеты надпись «И САМОДЕРЖЕЦ ВСЕРОСС.», в середине обращенная влево голова Императора Российской империи Николая II.Гурт: Цена металла в монете: 31 698 руб.Цена монеты 10 рублей 1911 г. (ЭБ). Николай II  на Data = new Date(); Year = Data.getFullYear(); Month = Data.getMonth(); Day = Data.getDate(); document.write(Data.toLocaleDateString());
Сохранность: ?
F
VF
XF
AU
UNC
FЦена: 39 058 руб.Проходов: 46VFЦена: 42 303 руб.Проходов: 369XFЦена: 46 885 руб.Проходов: 539AUЦена: 58 132 руб.Проходов: 699UNCЦена: 67 874 руб.Проходов: 1 349Цена (руб.): 
39 058
42 303
46 885
58 132
67 874
Число проходов: 
46
369
539
699
1 349

document.getElementById('colprod').innerHTML=VizovServerCat('/getcollotprod.asp?idcat=20040');","10 рублей, 1911 год"
Биткин-17; Конрос-9/1,(АГ),Санкт-Петербургский,16 829 000 шт.,золото (проба 900/1000),"6,45 г.","5,805 г.","21,3 мм.","в середине Малый Государственный Герб Российской империи, под ним вдоль края монеты номинал «7 РУБЛЕЙ 50 КОПЕЕК» и год выпуска монеты «1897 Г.».","слева вдоль края монеты надпись «Б.М. НИКОЛАЙ II ИМПЕРАТОР», справа вдоль края монеты надпись «И САМОДЕРЖЕЦ ВСЕРОСС.», в середине обращенная влево голова Императора Российской империи Николая II.Гурт: Цена металла в монете: 23 774 руб.Цена монеты 7 рублей 50 копеек 1897 г. (АГ). Николай II 7 рублей 50 копеек на Data = new Date(); Year = Data.getFullYear(); Month = Data.getMonth(); Day = Data.getDate(); document.write(Data.toLocaleDateString());
Сохранность: ?
F
VF
XF
AU
UNC
FЦена: 34 320 руб.Проходов: 35VFЦена: 37 185 руб.Проходов: 380XFЦена: 59 537 руб.Проходов: 758AUЦена: 69 020 руб.Проходов: 891UNCЦена: 109 260 руб.Проходов: 490Цена (руб.): 
34 320
37 185
59 537
69 020
109 260
Число проходов: 
35
380
758
891
490

document.getElementById('colprod').innerHTML=VizovServerCat('/getcollotprod.asp?idcat=20041');","7,5 рублей, 1897 год"
Биткин-18; Конрос-20/1,(АГ),Санкт-Петербургский,5 372 000 шт.,золото (проба 900/1000),"4,3 г.","3,87 г.","18,5 мм.","в середине Малый Государственный Герб Российской империи, под ним вдоль края монеты номинал «5 РУБЛЕЙ» и год выпуска монеты «1897 Г.».","слева вдоль края монеты надпись «Б.М. НИКОЛАЙ II ИМПЕРАТОР», справа вдоль края монеты надпись «И САМОДЕРЖЕЦ ВСЕРОСС.», в середине обращенная влево голова Императора Российской империи Николая II.Гурт: Цена металла в монете: 15 849 руб.РазновидностиЧисло проходовЦена (руб.)Гурт гладкийЧисло проходов: 0Цена: 5 839 руб.05 839Инициалы минцмейстера АГЧисло проходов: 2313Цена: 32 556 руб.231332 556Цена монеты 5 рублей 1897 г. (АГ). Николай II Инициалы минцмейстера АГ на Data = new Date(); Year = Data.getFullYear(); Month = Data.getMonth(); Day = Data.getDate(); document.write(Data.toLocaleDateString());
Сохранность: ?
F
VF
XF
AU
UNC
FЦена: 14 845 руб.Проходов: 100VFЦена: 12 866 руб.Проходов: 100XFЦена: 23 889 руб.Проходов: 926AUЦена: 24 454 руб.Проходов: 239UNCЦена: 32 556 руб.Проходов: 943Цена (руб.): 
14 845
12 866
23 889
24 454
32 556
Число проходов: 
100
100
926
239
943

document.getElementById('colprod').innerHTML=VizovServerCat('/getcollotprod.asp?idcat=20043');","5 рублей, 1897 год"
Биткин-2; Конрос-1/2,(АГ),Санкт-Петербургский,11 900 033 шт.,золото (проба 900/1000),"12,9 г.","11,61 г.","24,6 мм.","в середине Малый Государственный Герб Российской империи, под ним вдоль края монеты номинал «15 РУБЛЕЙ» и год выпуска монеты «1897 Г.».","слева вдоль края монеты надпись «Б.М. НИКОЛАЙ II ИМПЕРАТОР», справа вдоль края монеты надпись «И САМОДЕРЖЕЦ ВСЕРОСС.», в середине обращенная влево голова Императора Российской империи Николая II.Гурт: Цена металла в монете: 47 547 руб.РазновидностиЧисло проходовЦена (руб.)Две последние буквы заходят за обрез шеиЧисло проходов: 492Цена: 39 719 руб.49239 719Три последние буквы заходят за обрез шеиЧисло проходов: 4379Цена: 115 445 руб.4379115 445Цена монеты 15 рублей 1897 г. (АГ). Николай II Три последние буквы заходят за обрез шеи на Data = new Date(); Year = Data.getFullYear(); Month = Data.getMonth(); Day = Data.getDate(); document.write(Data.toLocaleDateString());
Сохранность: ?
F
VF
XF
AU
UNC
FЦена: 500 руб.Проходов: 1VFЦена: 45 685 руб.Проходов: 102XFЦена: 78 507 руб.Проходов: 1 426AUЦена: 92 906 руб.Проходов: 1 410UNCЦена: 115 445 руб.Проходов: 1 431Цена (руб.): 
500
45 685
78 507
92 906
115 445
Число проходов: 
1
102
1 426
1 410
1 431

document.getElementById('colprod').innerHTML=VizovServerCat('/getcollotprod.asp?idcat=20026');","15 рублей, 1897 год"
Биткин-20; Конрос-20/3,(АГ),Санкт-Петербургский,52 378 008 шт.,золото (проба 900/1000),"4,3 г.","3,87 г.","18,5 мм.","в середине Малый Государственный Герб Российской империи, под ним вдоль края монеты номинал «5 РУБЛЕЙ» и год выпуска монеты «1898 Г.».","слева вдоль края монеты надпись «Б.М. НИКОЛАЙ II ИМПЕРАТОР», справа вдоль края монеты надпись «И САМОДЕРЖЕЦ ВСЕРОСС.», в середине обращенная влево голова Императора Российской империи Николая II.Гурт: Цена металла в монете: 15 849 руб.РазновидностиЧисло проходовЦена (руб.)Инициалы минцмейстера АГЧисло проходов: 7596Цена: 23 551 руб.759623 551Соосность сторон 180 градусовЧисло проходов: 30Цена: 13 509 руб.3013 509Гурт гладкийЧисло проходов: 2Цена: 10 400 руб.210 400Цена монеты 5 рублей 1898 г. (АГ). Николай II Инициалы минцмейстера АГ на Data = new Date(); Year = Data.getFullYear(); Month = Data.getMonth(); Day = Data.getDate(); document.write(Data.toLocaleDateString());
Сохранность: ?
F
VF
XF
AU
UNC
Proof
FЦена: 6 466 руб.Проходов: 4VFЦена: 16 939 руб.Проходов: 269XFЦена: 23 551 руб.Проходов: 3 392AUЦена: 24 456 руб.Проходов: 1 041UNCЦена: 36 192 руб.Проходов: 2 875ProofЦена: 283 264 руб.Проходов: 2Цена (руб.): 
6 466
16 939
23 551
24 456
36 192
283 264
Число проходов: 
4
269
3 392
1 041
2 875
2

document.getElementById('colprod').innerHTML=VizovServerCat('/getcollotprod.asp?idcat=20044');","5 рублей, 1898 год"
Биткин-24; Конрос-20/7,(ФЗ),Санкт-Петербургский,,золото (проба 900/1000),"4,3 г.","3,87 г.","18,5 мм.","в середине Малый Государственный Герб Российской империи, под ним вдоль края монеты номинал «5 РУБЛЕЙ» и год выпуска монеты «1899 Г.».","слева вдоль края монеты надпись «Б.М. НИКОЛАЙ II ИМПЕРАТОР», справа вдоль края монеты надпись «И САМОДЕРЖЕЦ ВСЕРОСС.», в середине обращенная влево голова Императора Российской империи Николая II.","5 рублей, 1899 год"
Биткин-26; Конрос-20/9,(ФЗ),Санкт-Петербургский,31 077 013 шт.,золото (проба 900/1000),"4,3 г.","3,87 г.","18,5 мм.","в середине Малый Государственный Герб Российской империи, под ним вдоль края монеты номинал «5 РУБЛЕЙ» и год выпуска монеты «1900 Г.».","слева вдоль края монеты надпись «Б.М. НИКОЛАЙ II ИМПЕРАТОР», справа вдоль края монеты надпись «И САМОДЕРЖЕЦ ВСЕРОСС.», в середине обращенная влево голова Императора Российской империи Николая II.Гурт: Цена металла в монете: 15 849 руб.Цена монеты 5 рублей 1900 г. (ФЗ). Николай II  на Data = new Date(); Year = Data.getFullYear(); Month = Data.getMonth(); Day = Data.getDate(); document.write(Data.toLocaleDateString());
Сохранность: ?
F
VF
XF
AU
UNC
FЦена: 656 руб.Проходов: 2VFЦена: 12 603 руб.Проходов: 1 055XFЦена: 23 592 руб.Проходов: 632AUЦена: 25 393 руб.Проходов: 569UNCЦена: 38 610 руб.Проходов: 1 061Цена (руб.): 
656
12 603
23 592
25 393
38 610
Число проходов: 
2
1 055
632
569
1 061

document.getElementById('colprod').innerHTML=VizovServerCat('/getcollotprod.asp?idcat=20050');","5 рублей, 1900 год"
Биткин-27; Конрос-20/10,(ФЗ),Санкт-Петербургский,7 500 022 шт.,золото (проба 900/1000),"4,3 г.","3,87 г.","18,5 мм.","в середине Малый Государственный Герб Российской империи, под ним вдоль края монеты номинал «5 РУБЛЕЙ» и год выпуска монеты «1901 Г.».","слева вдоль края монеты надпись «Б.М. НИКОЛАЙ II ИМПЕРАТОР», справа вдоль края монеты надпись «И САМОДЕРЖЕЦ ВСЕРОСС.», в середине обращенная влево голова Императора Российской империи Николая II.Гурт: Цена металла в монете: 15 849 руб.РазновидностиЧисло проходовЦена (руб.)Инициалы минцмейстера ФЗЧисло проходов: 2620Цена: 36 321 руб.262036 321Инициалы минцмейстера АРЧисло проходов: 274Цена: 22 340 руб.27422 340Цена монеты 5 рублей 1901 г. (ФЗ). Николай II Инициалы минцмейстера ФЗ на Data = new Date(); Year = Data.getFullYear(); Month = Data.getMonth(); Day = Data.getDate(); document.write(Data.toLocaleDateString());
Сохранность: ?
F
VF
XF
AU
UNC
FЦена: 7 824 руб.Проходов: 4VFЦена: 19 397 руб.Проходов: 156XFЦена: 23 953 руб.Проходов: 428AUЦена: 26 096 руб.Проходов: 317UNCЦена: 36 321 руб.Проходов: 1 710Цена (руб.): 
7 824
19 397
23 953
26 096
36 321
Число проходов: 
4
156
428
317
1 710

document.getElementById('colprod').innerHTML=VizovServerCat('/getcollotprod.asp?idcat=20051');","5 рублей, 1901 год"
Биткин-29; Конрос-20/12,(АР),Санкт-Петербургский,6 240 009 шт.,золото (проба 900/1000),"4,3 г.","3,87 г.","18,5 мм.","в середине Малый Государственный Герб Российской империи, под ним вдоль края монеты номинал «5 РУБЛЕЙ» и год выпуска монеты «1902 Г.».","слева вдоль края монеты надпись «Б.М. НИКОЛАЙ II ИМПЕРАТОР», справа вдоль края монеты надпись «И САМОДЕРЖЕЦ ВСЕРОСС.», в середине обращенная влево голова Императора Российской империи Николая II.Гурт: Цена металла в монете: 15 849 руб.Цена монеты 5 рублей 1902 г. (АР). Николай II  на Data = new Date(); Year = Data.getFullYear(); Month = Data.getMonth(); Day = Data.getDate(); document.write(Data.toLocaleDateString());
Сохранность: ?
VG
F
VF
XF
AU
UNC
BU
Proof
VGЦена: 8 руб.Проходов: 2FЦена: 1 019 руб.Проходов: 151VFЦена: 11 416 руб.Проходов: 108XFЦена: 23 244 руб.Проходов: 286AUЦена: 27 805 руб.Проходов: 124UNCЦена: 35 130 руб.Проходов: 4 439BUЦена: 13 920 руб.Проходов: 1ProofЦена: 145 381 руб.Проходов: 1Цена (руб.): 
8
1 019
11 416
23 244
27 805
35 130
13 920
145 381
Число проходов: 
2
151
108
286
124
4 439
1
1

document.getElementById('colprod').innerHTML=VizovServerCat('/getcollotprod.asp?idcat=20053');","5 рублей, 1902 год"
Биткин-3; Конрос-8/1,(АГ),Санкт-Петербургский,200 000 шт.,золото (проба 900/1000),"8,6 г.","7,74 г.","22,5 мм.","в середине Малый Государственный Герб Российской империи, под ним вдоль края монеты номинал «10 РУБЛЕЙ» и год выпуска монеты «1898 Г.».","слева вдоль края монеты надпись «Б.М. НИКОЛАЙ II ИМПЕРАТОР», справа вдоль края монеты надпись «И САМОДЕРЖЕЦ ВСЕРОСС.», в середине обращенная влево голова Императора Российской империи Николая II.Гурт: Цена металла в монете: 31 698 руб.Цена монеты 10 рублей 1898 г. (АГ). Николай II  на Data = new Date(); Year = Data.getFullYear(); Month = Data.getMonth(); Day = Data.getDate(); document.write(Data.toLocaleDateString());
Сохранность: ?
VF
XF
AU
UNC
VFЦена: 11 232 руб.Проходов: 379XFЦена: 49 535 руб.Проходов: 371AUЦена: 54 279 руб.Проходов: 271UNCЦена: 60 311 руб.Проходов: 665Цена (руб.): 
11 232
49 535
54 279
60 311
Число проходов: 
379
371
271
665

document.getElementById('colprod').innerHTML=VizovServerCat('/getcollotprod.asp?idcat=20027');","10 рублей, 1898 год"
Биткин-30; Конрос-20/13,(АР),Санкт-Петербургский,5 148 019 шт.,золото (проба 900/1000),"4,3 г.","3,87 г.","18,5 мм.","в середине Малый Государственный Герб Российской империи, под ним вдоль края монеты номинал «5 РУБЛЕЙ» и год выпуска монеты «1903 Г.».","слева вдоль края монеты надпись «Б.М. НИКОЛАЙ II ИМПЕРАТОР», справа вдоль края монеты надпись «И САМОДЕРЖЕЦ ВСЕРОСС.», в середине обращенная влево голова Императора Российской империи Николая II.Гурт: Цена металла в монете: 15 849 руб.Цена монеты 5 рублей 1903 г. (АР). Николай II  на Data = new Date(); Year = Data.getFullYear(); Month = Data.getMonth(); Day = Data.getDate(); document.write(Data.toLocaleDateString());
Сохранность: ?
F
VF
XF
AU
UNC
Proof
FЦена: 2 050 руб.Проходов: 1VFЦена: 18 191 руб.Проходов: 73XFЦена: 12 543 руб.Проходов: 201AUЦена: 14 845 руб.Проходов: 160UNCЦена: 41 130 руб.Проходов: 2 276ProofЦена: 1 155 538 руб.Проходов: 3Цена (руб.): 
2 050
18 191
12 543
14 845
41 130
1 155 538
Число проходов: 
1
73
201
160
2 276
3

document.getElementById('colprod').innerHTML=VizovServerCat('/getcollotprod.asp?idcat=20054');","5 рублей, 1903 год"
Биткин-31; Конрос-20/14,(АР),Санкт-Петербургский,2 016 010 шт.,золото (проба 900/1000),"4,3 г.","3,87 г.","18,5 мм.","в середине Малый Государственный Герб Российской империи, под ним вдоль края монеты номинал «5 РУБЛЕЙ» и год выпуска монеты «1904 Г.».","слева вдоль края монеты надпись «Б.М. НИКОЛАЙ II ИМПЕРАТОР», справа вдоль края монеты надпись «И САМОДЕРЖЕЦ ВСЕРОСС.», в середине обращенная влево голова Императора Российской империи Николая II.Гурт: Цена металла в монете: 15 849 руб.Цена монеты 5 рублей 1904 г. (АР). Николай II  на Data = new Date(); Year = Data.getFullYear(); Month = Data.getMonth(); Day = Data.getDate(); document.write(Data.toLocaleDateString());
Сохранность: ?
F
VF
XF
AU
UNC
Proof
FЦена: 13 550 руб.Проходов: 1VFЦена: 15 355 руб.Проходов: 10XFЦена: 16 282 руб.Проходов: 249AUЦена: 29 362 руб.Проходов: 147UNCЦена: 40 055 руб.Проходов: 2 712ProofЦена: 255 057 руб.Проходов: 1Цена (руб.): 
13 550
15 355
16 282
29 362
40 055
255 057
Число проходов: 
1
10
249
147
2 712
1

document.getElementById('colprod').innerHTML=VizovServerCat('/getcollotprod.asp?idcat=20055');","5 рублей, 1904 год"
Биткин-32; Конрос-20/15,(ЭБ),Санкт-Петербургский,10 шт.,золото (проба 900/1000),"4,3 г.","3,87 г.","18,5 мм.","в середине Малый Государственный Герб Российской империи, под ним вдоль края монеты номинал «5 РУБЛЕЙ» и год выпуска монеты «1906 Г.».","слева вдоль края монеты надпись «Б.М. НИКОЛАЙ II ИМПЕРАТОР», справа вдоль края монеты надпись «И САМОДЕРЖЕЦ ВСЕРОСС.», в середине обращенная влево голова Императора Российской империи Николая II.Гурт: Цена металла в монете: 15 849 руб.Цена монеты 5 рублей 1906 г. (ЭБ). Николай II  на Data = new Date(); Year = Data.getFullYear(); Month = Data.getMonth(); Day = Data.getDate(); document.write(Data.toLocaleDateString());
Сохранность: ?
Proof
ProofЦена: 4 250 000 руб.Проходов: 1Цена (руб.): 
4 250 000
Число проходов: 
1

document.getElementById('colprod').innerHTML=VizovServerCat('/getcollotprod.asp?idcat=20056');","5 рублей, 1906 год"
Биткин-33; Конрос-20/16,(ЭБ),Санкт-Петербургский,109 шт.,золото (проба 900/1000),"4,3 г.","3,87 г.","18,5 мм.","в середине Малый Государственный Герб Российской империи, под ним вдоль края монеты номинал «5 РУБЛЕЙ» и год выпуска монеты «1907 Г.».","слева вдоль края монеты надпись «Б.М. НИКОЛАЙ II ИМПЕРАТОР», справа вдоль края монеты надпись «И САМОДЕРЖЕЦ ВСЕРОСС.», в середине обращенная влево голова Императора Российской империи Николая II.Гурт: Цена металла в монете: 15 849 руб.Цена монеты 5 рублей 1907 г. (ЭБ). Николай II  на Data = new Date(); Year = Data.getFullYear(); Month = Data.getMonth(); Day = Data.getDate(); document.write(Data.toLocaleDateString());
Сохранность: ?
XF
XFЦена: 21 руб.Проходов: 1Цена (руб.): 
21
Число проходов: 
1

document.getElementById('colprod').innerHTML=VizovServerCat('/getcollotprod.asp?idcat=20057');","5 рублей, 1907 год"
Биткин-34; Конрос-20/17,(ЭБ),Санкт-Петербургский,,золото (проба 900/1000),"4,3 г.","3,87 г.","18,5 мм.","в середине Малый Государственный Герб Российской империи, под ним вдоль края монеты номинал «5 РУБЛЕЙ» и год выпуска монеты «1909 Г.».","слева вдоль края монеты надпись «Б.М. НИКОЛАЙ II ИМПЕРАТОР», справа вдоль края монеты надпись «И САМОДЕРЖЕЦ ВСЕРОСС.», в середине обращенная влево голова Императора Российской империи Николая II.","5 рублей, 1909 год"
Биткин-36; Конрос-20/19,(ЭБ),Санкт-Петербургский,200 018 шт.,золото (проба 900/1000),"4,3 г.","3,87 г.","18,5 мм.","в середине Малый Государственный Герб Российской империи, под ним вдоль края монеты номинал «5 РУБЛЕЙ» и год выпуска монеты «1910 Г.».","слева вдоль края монеты надпись «Б.М. НИКОЛАЙ II ИМПЕРАТОР», справа вдоль края монеты надпись «И САМОДЕРЖЕЦ ВСЕРОСС.», в середине обращенная влево голова Императора Российской империи Николая II.Гурт: Цена металла в монете: 15 849 руб.Цена монеты 5 рублей 1910 г. (ЭБ). Николай II  на Data = new Date(); Year = Data.getFullYear(); Month = Data.getMonth(); Day = Data.getDate(); document.write(Data.toLocaleDateString());
Сохранность: ?
VF
XF
AU
UNC
Proof
VFЦена: 28 050 руб.Проходов: 1XFЦена: 74 016 руб.Проходов: 35AUЦена: 75 531 руб.Проходов: 23UNCЦена: 230 781 руб.Проходов: 288ProofЦена: 78 887 руб.Проходов: 1Цена (руб.): 
28 050
74 016
75 531
230 781
78 887
Число проходов: 
1
35
23
288
1

document.getElementById('colprod').innerHTML=VizovServerCat('/getcollotprod.asp?idcat=20060');","5 рублей, 1910 год"
Биткин-37; Конрос-20/20,(ЭБ),Санкт-Петербургский,100 011 шт.,золото (проба 900/1000),"4,3 г.","3,87 г.","18,5 мм.","в середине Малый Государственный Герб Российской империи, под ним вдоль края монеты номинал «5 РУБЛЕЙ» и год выпуска монеты «1911 Г.».","слева вдоль края монеты надпись «Б.М. НИКОЛАЙ II ИМПЕРАТОР», справа вдоль края монеты надпись «И САМОДЕРЖЕЦ ВСЕРОСС.», в середине обращенная влево голова Императора Российской империи Николая II.Гурт: Цена металла в монете: 15 849 руб.Цена монеты 5 рублей 1911 г. (ЭБ). Николай II  на Data = new Date(); Year = Data.getFullYear(); Month = Data.getMonth(); Day = Data.getDate(); document.write(Data.toLocaleDateString());
Сохранность: ?
VF
XF
AU
UNC
Proof
VFЦена: 116 188 руб.Проходов: 2XFЦена: 225 071 руб.Проходов: 13AUЦена: 209 118 руб.Проходов: 13UNCЦена: 349 241 руб.Проходов: 44ProofЦена: 350 000 руб.Проходов: 1Цена (руб.): 
116 188
225 071
209 118
349 241
350 000
Число проходов: 
2
13
13
44
1

document.getElementById('colprod').innerHTML=VizovServerCat('/getcollotprod.asp?idcat=20061');","5 рублей, 1911 год"
Биткин-4; Конрос-8/2,(АГ),Санкт-Петербургский,27 600 013 шт.,золото (проба 900/1000),"8,6 г.","7,74 г.","22,5 мм.","в середине Малый Государственный Герб Российской империи, под ним вдоль края монеты номинал «10 РУБЛЕЙ» и год выпуска монеты «1899 Г.».","слева вдоль края монеты надпись «Б.М. НИКОЛАЙ II ИМПЕРАТОР», справа вдоль края монеты надпись «И САМОДЕРЖЕЦ ВСЕРОСС.», в середине обращенная влево голова Императора Российской империи Николая II.Гурт: Цена металла в монете: 31 698 руб.РазновидностиЧисло проходовЦена (руб.)Инициалы минцмейстера АГЧисло проходов: 7001Цена: 70 110 руб.700170 110Инициалы минцмейстера ЭБЧисло проходов: 1978Цена: 44 074 руб.197844 074Инициалы минцмейстера ФЗЧисло проходов: 2317Цена: 46 790 руб.231746 790Цена монеты 10 рублей 1899 г. (АГ). Николай II Инициалы минцмейстера АГ на Data = new Date(); Year = Data.getFullYear(); Month = Data.getMonth(); Day = Data.getDate(); document.write(Data.toLocaleDateString());
Сохранность: ?
VG
VF
XF
AU
UNC
VGЦена: 8 047 руб.Проходов: 2VFЦена: 27 741 руб.Проходов: 261XFЦена: 45 908 руб.Проходов: 2 476AUЦена: 49 739 руб.Проходов: 1 030UNCЦена: 70 110 руб.Проходов: 3 216Цена (руб.): 
8 047
27 741
45 908
49 739
70 110
Число проходов: 
2
261
2 476
1 030
3 216

document.getElementById('colprod').innerHTML=VizovServerCat('/getcollotprod.asp?idcat=20028');","10 рублей, 1899 год"
Биткин-7; Конрос-8/5,(ФЗ),Санкт-Петербургский,6 021 013 шт.,золото (проба 900/1000),"8,6 г.","7,74 г.","22,5 мм.","в середине Малый Государственный Герб Российской империи, под ним вдоль края монеты номинал «10 РУБЛЕЙ» и год выпуска монеты «1900 Г.».","слева вдоль края монеты надпись «Б.М. НИКОЛАЙ II ИМПЕРАТОР», справа вдоль края монеты надпись «И САМОДЕРЖЕЦ ВСЕРОСС.», в середине обращенная влево голова Императора Российской империи Николая II.Гурт: Цена металла в монете: 31 698 руб.Цена монеты 10 рублей 1900 г. (ФЗ). Николай II  на Data = new Date(); Year = Data.getFullYear(); Month = Data.getMonth(); Day = Data.getDate(); document.write(Data.toLocaleDateString());
Сохранность: ?
VF
XF
AU
UNC
VFЦена: 21 343 руб.Проходов: 105XFЦена: 50 486 руб.Проходов: 1 096AUЦена: 58 697 руб.Проходов: 508UNCЦена: 60 985 руб.Проходов: 556Цена (руб.): 
21 343
50 486
58 697
60 985
Число проходов: 
105
1 096
508
556

document.getElementById('colprod').innerHTML=VizovServerCat('/getcollotprod.asp?idcat=20031');","10 рублей, 1900 год"
Биткин-8; Конрос-8/6,(ФЗ),Санкт-Петербургский,2 377 021 шт.,золото (проба 900/1000),"8,6 г.","7,74 г.","22,5 мм.","в середине Малый Государственный Герб Российской империи, под ним вдоль края монеты номинал «10 РУБЛЕЙ» и год выпуска монеты «1901 Г.».","слева вдоль края монеты надпись «Б.М. НИКОЛАЙ II ИМПЕРАТОР», справа вдоль края монеты надпись «И САМОДЕРЖЕЦ ВСЕРОСС.», в середине обращенная влево голова Императора Российской империи Николая II.Гурт: Цена металла в монете: 31 698 руб.РазновидностиЧисло проходовЦена (руб.)Инициалы минцмейстера ФЗЧисло проходов: 1459Цена: 47 470 руб.145947 470Инициалы минцмейстера АРЧисло проходов: 788Цена: 53 085 руб.78853 085Цена монеты 10 рублей 1901 г. (ФЗ). Николай II Инициалы минцмейстера ФЗ на Data = new Date(); Year = Data.getFullYear(); Month = Data.getMonth(); Day = Data.getDate(); document.write(Data.toLocaleDateString());
Сохранность: ?
VF
XF
AU
UNC
VFЦена: 31 199 руб.Проходов: 55XFЦена: 47 470 руб.Проходов: 719AUЦена: 56 929 руб.Проходов: 479UNCЦена: 57 557 руб.Проходов: 202Цена (руб.): 
31 199
47 470
56 929
57 557
Число проходов: 
55
719
479
202

document.getElementById('colprod').innerHTML=VizovServerCat('/getcollotprod.asp?idcat=20032');","10 рублей, 1901 год"
